No,지표구분,단위과제,지표번호,지표명,단위,가중치,기준값,목푯값_1차,목푯값_2차,목푯값_3차,목푯값_4차,목푯값_5차,실적값_1차,실적값_2차,실적값_3차,실적값_4차,실적값_5차,컨소_기준값,컨소_목푯값_1차,컨소_목푯값_2차,컨소_목푯값_3차,컨소_목푯값_4차,컨소_목푯값_5차,컨소_실적값_1차,컨소_실적값_2차,컨소_실적값_3차,컨소_실적값_4차,컨소_실적값_5차,비고
41,공통,1-1,1,졸업생 지역 정주율,%,,,,,,,,,,,,,,,,,,,,,,,,
44,공통,1-1,2,지역산업 연계 교육과정 이수자 수,명,,2085.0,2202.0,2202.0,,,,3157.5,,,,,,,,,,,,,,,,
48,공통,1-1,3,맞춤형 실무 교육 이수자 수,명,,165.0,172.0,172.0,,,,207.6,,,,,,,,,,,,,,,,
42,공통,1-1,1-A,졸업생 지역 내 취업률,%,0.6,,,,,,,,,,,,,,,,,,,,,,,
43,공통,1-1,1-B,졸업생 지역 내 2차 유지 취업률,%,0.4,,,,,,,,,,,,,,,,,,,,,,,
45,공통,1-1,2-A,36학점 이상의 교육과정 이수자수,명,1,437.0,460.0,460.0,,,,155.0,,,,,,,,,,,,,,,,
46,공통,1-1,2-B,12학점 이상 ~ 36학점 미만의 교육과정 이수자 수,명,0.5,2617.0,2770.0,2770.0,,,,2928.0,,,,,,,,,,,,,,,,
47,공통,1-1,2-C,12학점 미만의 교육과정 이수자 수,명,0.5,1698.0,1785.0,1785.0,,,,3077.0,,,,,,,,,,,,,,,,
49,공통,1-1,3-A,지역산업 연계 캡스톤디자인 이수자 수,명,0.05,2638.0,2695.0,2695.0,,,,2906.0,,,,,,,,,,,,,,,,
50,공통,1-1,3-B,4주 이상 표준현장실습 이수자 수,명,0.2,51.0,52.0,52.0,,,,34.0,,,,,,,,,,,,,,,,
51,공통,1-1,3-C,8주 이상 표준현장실습 이수자 수,명,0.3,51.0,55.0,55.0,,,,80.0,,,,,,,,,,,,,,,,
52,공통,1-1,3-D,12주 이상 표준현장실습 이수자 수,명,0.45,22.0,23.0,23.0,,,,70.0,,,,,,,,,,,,,,,,
53,공통,1-2,4,M E C A 분야 석/박사 졸업생 수,명,,207.0,108.5,108.5,,,,185.0,,,,,,,,,,,,,,,,
56,공통,1-2,5,기업 재직자 산학협력 프로젝트 과정 이수자 수,명,,294.0,155.5,155.5,,,,166.0,,,,,,,,,,,,,,,,
59,공통,1-2,6,M E C A 분야 글로벌 인재 양성 지수,명,,275.0,137.5,137.5,,,,173.5,,,,,,,,,,,,,,,,
54,공통,1-2,4-A,M E C A분야 학과(전공) 석사 졸업생 수,명,0.5,218.0,117.0,117.0,,,,226.0,,,,,,,,,,,,,,,,
55,공통,1-2,4-B,M E C A분야 학과(전공) 박사 졸업생 수,명,1,98.0,50.0,50.0,,,,72.0,,,,,,,,,,,,,,,,
57,공통,1-2,5-A,학위과정 이수의 M E C A 분야 기업 재직자 수,명,1,124.0,65.0,65.0,,,,113.0,,,,,,,,,,,,,,,,
58,공통,1-2,5-B,비학위과정 이수자의 M E C A 분야 기업 재직자 수,명,0.5,341.0,181.0,181.0,,,,106.0,,,,,,,,,,,,,,,,
60,공통,1-2,6-A,M E C A 분야 해외 공동학위제 석/박사 학위자 수,명,1,0.0,0.0,0.0,,,,0.0,,,,,,,,,,,,,,,,
61,공통,1-2,6-B,M E C A 분야 석/박사과정 해외 파견 학생 수,명,0.5,30.0,15.0,15.0,,,,5.0,,,,,,,,,,,,,,,,
62,공통,1-2,6-C,M E C A 분야 석/박사과정 학생의 국제전문논문 실적,건,1,260.0,130.0,130.0,,,,171.0,,,,,,,,,,,,,,,,
63,공통,1-4,7,교육과정 혁신에 따른 신규 과목 프로그램 도입 여부,,,,,,,,,,,,,,,,,,,,,,,,,
64,공통,1-4,8,지역 의료기관과의 MOU 체결 실적,,,,,,,,,,,,,,,,,,,,,,,,,
65,공통,1-4,9,"학생복귀에 따른 교육 계획(예과, 본과, 실습) 수립 여부",,,,,,,,,,,,,,,,,,,,,,,,,
66,공통,2-1,10,지역대학 창업 실적 제고율,%,,4.6,5.0,5.0,,,,5.8,,,,,,,,,,,,,,,,
71,공통,2-1,11,창업 교육 학생 이수자 수,명,,1690.0,1690.0,1690.0,,,,1777.8,,,,,,,,,,,,,,,,
74,공통,2-1,12,창업 교육 지역민 이수자 수,명,,18.4,40.0,40.0,,,,63.2,,,,,,,,,,,,,,,,
67,공통,2-1,10-A,전년대비 학생 교원 창업자 수 증가율,%,0.7,8.0,5.0,5.0,,,,41.2,,,,,,,,,,,,,,,,
68,공통,2-1,10-B,(학생 교원 창업자 수),명,,,0.0,0.0,,,,0.0,,,,,,,,,,,,,,,,
69,공통,2-1,10-C,학생 교원 창업기업의 전년 대비 매출액 증가율,%,0.3,-4.0,5.0,5.0,,,,-76.8,,,,,,,,,,,,,,,,
70,공통,2-1,10-D,(학생 교원 창업기업의 매출액),천원,,,0.0,0.0,,,,0.0,,,,,,,,,,,,,,,,
72,공통,2-1,11-A,창업 강좌(정규 교과) 이수자 수,명,0.6,1452.0,1524.0,1524.0,,,,2315.0,,,,,,,,,,,,,,,,
73,공통,2-1,11-B,창업 활동(비정규 교과) 이수자 수,명,0.4,1847.0,1939.0,1939.0,,,,972.0,,,,,,,,,,,,,,,,
75,공통,2-1,12-A,학점 인정형 창업 교육 지역민 이수자 수,명,0.6,0.0,,,,,,0.0,,,,,,,,,,,,,,,,
76,공통,2-1,12-B,창업 교육 비교과 프로그램 지역민 이수자 수,명,0.4,46.0,100.0,100.0,,,,158.0,,,,,,,,,,,,,,,,
77,공통,2-2,13,R&D 실적,,,252.2,254.72,254.72,,,,280.46,,,,,,,,,,,,,,,,
84,공통,2-2,14,기술이전 실적 제고율,,,9.3,4.0,4.0,,,,-9.76,,,,,,,,,,,,,,,,
78,공통,2-2,13-A,국내외 특허 출원 건수,,0.1,399.67,403.7,403.7,,,,317.0,,,,,,,,,,,,,,,,
79,공통,2-2,13-B,국내 특허 등록 건수,,0.2,187.33,189.2,189.2,,,,272.0,,,,,,,,,,,,,,,,
80,공통,2-2,13-C,해외 특허 등록 건수,,0.3,17.33,17.5,17.5,,,,17.0,,,,,,,,,,,,,,,,
81,공통,2-2,13-D,SCI급 또는 SCOPUS 학술지 논문 건수,,0.2,510.34,515.45,515.45,,,,606.8,,,,,,,,,,,,,,,,
82,공통,2-2,13-E,KCI급 논문건수,,0.1,567.93,573.6,573.6,,,,550.0,,,,,,,,,,,,,,,,
83,공통,2-2,13-F,"기타 지식재산권(디자인권, 상표권, 실용신안 등) 등록 건수",,0.1,107.0,108.1,108.1,,,,129.0,,,,,,,,,,,,,,,,
85,공통,2-2,14-A,전년 대비 기술이전 건수 증가율,,0.6,3.19,4.0,4.0,,,,2.0,,,,,,,,,,,,,,,,
86,공통,2-2,14-B,(기술이전 건수),,,,,,,,,,,,,,,,,,,,,,,,,
87,공통,2-2,14-C,전년 대비 기술이전 수입료 증가율,,0.4,4.84,4.0,4.0,,,,-27.4,,,,,,,,,,,,,,,,
88,공통,2-2,14-D,(기술이전 수입료),,,,,,,,,,,,,,,,,,,,,,,,,
89,공통,2-3,15,일자리-취업-기업-ON 플랫폼 운영 지수,건,,0.0,0.0,0.0,,,,0.0,,,,,,,,,,,,,,,,
92,공통,2-3,16,일자리-취업-기업-ON 플랫폼 운영 만족도,점,,0.0,0.0,0.0,,,,0.0,,,,,,,,,,,,,,,,
90,공통,2-3,15-A,대학 자원의 플랫폼 등록 건수,건,0.5,0.0,0.0,0.0,,,,0.0,,,,,,,,,,,,,,,,
91,공통,2-3,15-B,플랫폼 등록 자원 활용(매칭) 건수,건,0.5,0.0,0.0,0.0,,,,0.0,,,,,,,,,,,,,,,,
93,공통,2-3,16-A,"대학 구성원(학생, 교직원 등) 플랫폼 만족도 점수",점,0.5,0.0,0.0,0.0,,,,0.0,,,,,,,,,,,,,,,,
94,공통,2-3,16-B,"대학 구성원 외(기업, 기관, 지역민 등) 플랫폼 만족도 점수",점,0.5,0.0,0.0,0.0,,,,0.0,,,,,,,,,,,,,,,,
95,공통,3-1,17,지역사회 문제 해결 지수,건,,1.2,6.6,6.6,,,,7.5,,,,,,,,,,,,,,,,
99,공통,3-1,18,리빙랩 운영 성과 지수,점,,1.9,2.0,2.0,,,,2.0,,,,,,,,,,,,,,,,
96,공통,3-1,17-A,리빙랩 프로젝트 운영 건수,건,0.2,6.0,7.0,7.0,,,,7.0,,,,,,,,,,,,,,,,
97,공통,3-1,17-B,지역사회 문제 도출 건수,건,0.3,0.0,9.0,9.0,,,,12.0,,,,,,,,,,,,,,,,
98,공통,3-1,17-C,지역사회 문제 해결 방안 제안 보고서 건수,건,0.5,0.0,5.0,5.0,,,,5.0,,,,,,,,,,,,,,,,
100,공통,3-1,18-A,지역사회 문제 해결 방안의 정책 반영 건수,건,0.5,0.0,0.0,0.0,,,,0.0,,,,,,,,,,,,,,,,
101,공통,3-1,18-B,"리빙랩 운영에 대한 참여자(지역민, 학생 등) 만족도",점,0.5,3.85,4.0,4.0,,,,4.0,,,,,,,,,,,,,,,,
102,공통,3-2,19,지역 돌봄서비스 강화율,%,,0.0,21.0,21.0,,,,24.0,,,,,,,,,,,,,,,,
105,공통,3-2,20,통합 돌봄 교육과정 이수자 수,명,,0.0,0.0,0.0,,,,53.4,,,,,,,,,,,,,,,,
109,공통,3-2,21,돌봄서비스 고도화 지수,건,,0.0,0.4,0.4,,,,1.0,,,,,,,,,,,,,,,,
103,공통,3-2,19-A,통합 돌볼 교육과정 이수자의 지역 내 취업률,%,0.7,0.0,0.0,0.0,,,,0.0,,,,,,,,,,,,,,,,
104,공통,3-2,19-B,통합 돌봄 교육과정 이수자 만족도,점,0.3,0.0,70.0,70.0,,,,80.0,,,,,,,,,,,,,,,,
106,공통,3-2,20-A,성인학습자 대상 돌봄 인력 양성 교육과정 이수자 수,명,0.5,0.0,0.0,0.0,,,,35.0,,,,,,,,,,,,,,,,
107,공통,3-2,20-B,외국인 대상 돌봄 인력 양성 교육과정 이수자 수,명,0.3,0.0,0.0,0.0,,,,17.0,,,,,,,,,,,,,,,,
108,공통,3-2,20-C,지역 돌봄서비스 기관 종사자 대상 교육과정 이수자 수,명,0.2,0.0,0.0,0.0,,,,154.0,,,,,,,,,,,,,,,,
110,공통,3-2,21-A,돌봄서비스 매뉴얼 개발 및 컨설팅 건수,건,0.6,0.0,0.0,0.0,,,,1.0,,,,,,,,,,,,,,,,
111,공통,3-2,21-B,지역 통합 돌봄 고도화를 위한 정책 연구 건수,건,0.4,0.0,1.0,1.0,,,,1.0,,,,,,,,,,,,,,,,
112,공통,3-3,22,지역 문화 예술 관광 활성화 지수,건,,15.0,17.0,17.0,,,,18.5,,,,,,,,,,,,,,,,
115,공통,3-3,23,지역밀착형 문화예술 전문이재 양성 지수,명,,75.0,80.0,80.0,,,,101.9,,,,,,,,,,,,,,,,
113,공통,3-3,22-A,지역민 대상 문화행사 개최(참여) 건수,건,0.5,30.0,32.0,32.0,,,,33.0,,,,,,,,,,,,,,,,
114,공통,3-3,22-B,지역 문화관광 혁신 스타트업 지원 건수,건,0.5,0.0,2.0,2.0,,,,4.0,,,,,,,,,,,,,,,,
116,공통,3-3,23-A,정규 교과목 이수자 수,명,0.7,83.0,87.0,87.0,,,,98.0,,,,,,,,,,,,,,,,
117,공통,3-3,23-B,(기관연계)비정규 교과목 이수자 수,명,0.3,62.0,68.0,68.0,,,,111.0,,,,,,,,,,,,,,,,
118,공통,3-4,24,늘봄 프로그램 공급 지수,점,,0.0,0.0,0.0,,,,0.0,,,,,,,,,,,,,,,,
121,공통,3-4,25,늘봄 프로그램 고도화 지수,점,,0.0,0.0,0.0,,,,0.0,,,,,,,,,,,,,,,,
125,공통,3-4,26,늘봄 프로그램 성과확산 지수,점,,0.0,0.0,0.0,,,,0.0,,,,,,,,,,,,,,,,
119,공통,3-4,24-A,늘봄 프로그램 프로그램 운영 건수,건,0.7,0.0,0.0,0.0,,,,0.0,,,,,,,,,,,,,,,,
120,공통,3-4,24-B,늘봄 프로그램 프로그램 운영 지원 학급 수,개,0.3,0.0,0.0,0.0,,,,0.0,,,,,,,,,,,,,,,,
122,공통,3-4,25-A,지역 9대 산업 연계 늘봄학교 프로그램 개발/운영 건수,건,0.5,0.0,0.0,0.0,,,,0.0,,,,,,,,,,,,,,,,
123,공통,3-4,25-B,늘봄학교 프로그램 개선 및 고도화 지원 건수,건,0.3,0.0,0.0,0.0,,,,0.0,,,,,,,,,,,,,,,,
124,공통,3-4,25-C,늘봄학교 강사 연수 프로그램 운영 건수,건,0.2,0.0,0.0,0.0,,,,0.0,,,,,,,,,,,,,,,,
126,공통,3-4,26-A,늘봄학교 강사의 전문가 성장 지수,점,0.6,0.0,0.0,0.0,,,,0.0,,,,,,,,,,,,,,,,
127,공통,3-4,26-B,지역 학부모 및 교사 만족도,점,0.4,0.0,0.0,0.0,,,,0.0,,,,,,,,,,,,,,,,
22,공통,4-1,27,지역민의 대학 자원 공유 만족도,점,,82.1,84.6,87.1,,,,95.8,58.44,,,,,,,,,,,,,,,
24,공통,4-1,28,광주 커뮤니버시티 운영 기여 지수,건,,192.0,199.0,222.0,,,,204.5,6.0,,,,,,,,,,,,,,,
23,공통,4-1,27-B,커뮤니버시티 프로그램 지역민 만족도,점,0.6,81.6,84.0,86.6,,,,95.8,97.4,,,,,,,,,,,,,,,
25,공통,4-1,28-A,커뮤니버시티 관리 시스템 등록 자원 건수,건,0.5,8.0,8.0,10.0,,,,18.0,6.0,,,,,,,,,,,,,,,
26,공통,4-1,28-B,커뮤니버시티 관리 시스템 등록 자원 활용 건수,건,0.5,376.0,390.0,434.0,,,,391.0,6.0,,,,,,,,,,,,,,,
40,공통,4-1,27-A,대학 자원 공유에 대한 지역민 만족도,점,0.4,82.9,85.4,87.1,,,,95.8,0.0,,,,,,,,,,,,,,,
128,공통,4-2,29,대학 간 공유 교육과정 이수 지수,점,,0.0,1040.0,1040.0,,,,516.0,,,,,,,,,,,,,,,,
131,공통,4-2,30,지역 공유 콘텐츠 이수 재직자 수,명,,0.0,0.0,0.0,,,,128.0,,,,,,,,,,,,,,,,
135,공통,4-2,31,지역 공유 콘텐츠 이수 지역민 수,명,,0.0,361.0,361.0,,,,371.0,,,,,,,,,,,,,,,,
129,공통,4-2,29-A,대학 개설 학점교류 원격강좌수(OUT-IN),개,0.5,0.0,220.0,220.0,,,,100.0,,,,,,,,,,,,,,,,
130,공통,4-2,29-B,대학 개설 학점교류 원격강좌수(IN>OUT),명,0.5,0.0,1860.0,1860.0,,,,932.0,,,,,,,,,,,,,,,,
132,공통,4-2,30-A,15차시 이상 과정의 콘텐츠 이수 재직자 수,명,1,0.0,0.0,0.0,,,,12.0,,,,,,,,,,,,,,,,
133,공통,4-2,30-B,8차시 이상 ~ 15차시 미만 과정의 콘텐츠 이수 재직자 수,명,0.6,0.0,0.0,0.0,,,,124.0,,,,,,,,,,,,,,,,
134,공통,4-2,30-C,8차시 미만 과정의 콘텐츠 이수 재직자 수,명,0.4,0.0,0.0,0.0,,,,104.0,,,,,,,,,,,,,,,,
136,공통,4-2,31-A,15차시 이상 과정의 콘텐츠 이수 지역민 수,명,1,0.0,285.0,285.0,,,,294.0,,,,,,,,,,,,,,,,
137,공통,4-2,31-B,8차시 이상 ~ 15차시 미만 과정의 콘텐츠 이수 지역민 수,명,0.6,0.0,80.0,80.0,,,,81.0,,,,,,,,,,,,,,,,
138,공통,4-2,31-C,8차시 미만 과정의 콘텐츠 이수 지역민 수,명,0.4,0.0,70.0,70.0,,,,71.0,,,,,,,,,,,,,,,,
27,공통,4-3,32,성인학습자 교육성과 지수,%,,29.75,0.0,0.0,,,,0.0,0.0,,,,,,,,,,,,,,,
30,공통,4-3,33,성인학습자 고등교육 참여자 수,명,,661.0,595.0,705.0,,,,766.0,52.5,,,,,,,,,,,,,,,
33,공통,4-3,34,DX 교육과정 지역민 이수자 수,명,,253.0,200.0,210.0,,,,588.8,54.0,,,,,,,,,,,,,,,
28,공통,4-3,32-A,기취업 성인학습자의 유지 취업률 증가율,%,0.5,29.75,0.0,0.0,,,,0.0,0.0,,,,,,,,,,,,,,,
29,공통,4-3,32-B,미취업 성인학습자의 졸업 후 취창업률,%,0.5,29.75,0.0,0.0,,,,0.0,0.0,,,,,,,,,,,,,,,
31,공통,4-3,33-A,학위과정 성인학습자 이수자 수,명,1.0,20.0,20.0,22.0,,,,22.0,14.0,,,,,,,,,,,,,,,
32,공통,4-3,33-B,비학위과정 성인학습자 이수자 수,명,0.5,1282.0,1150.0,1366.0,,,,1488.0,77.0,,,,,,,,,,,,,,,
34,공통,4-3,34-A,DX 초급과정(30시간 미만) 이수자 수,명,0.4,558.0,425.0,438.0,,,,1472.0,70.0,,,,,,,,,,,,,,,
35,공통,4-3,34-B,DX 중급과정(30시간 이상 ~ 45시간 미만) 이수자 수,명,0.6,17.0,17.0,18.0,,,,0.0,0.0,,,,,,,,,,,,,,,
36,공통,4-3,34-C,DX 고급과정(45시간 이상) 이수자 수,명,1.0,20.0,20.0,25.0,,,,20,26.0,,,,,,,,,,,,,,,
139,공통,4-4,35,외국인 유학생 수,명,,719.0,767.0,767.0,,,,660.4,,,,,,,,,,,,,,,,
142,공통,4-4,36,외국인 유학생 정주율,%,,0.0,0.0,0.0,,,,0.0,,,,,,,,,,,,,,,,
140,공통,4-4,35-A,학위과정 외국인 유학생 수,명,0.6,817.0,858.0,858.0,,,,622.0,,,,,,,,,,,,,,,,
141,공통,4-4,35-B,연수과정 외국인 유학생 수,명,0.4,573.0,630.0,630.0,,,,718.0,,,,,,,,,,,,,,,,
143,공통,4-4,36-A,외국학생 중도탈락률,%,0.4,0.0,0.0,0.0,,,,0.0,,,,,,,,,,,,,,,,
144,공통,4-4,36-B,외국학생 지역 취업률,%,0.6,0.0,0.0,0.0,,,,0.0,,,,,,,,,,,,,,,,
37,자율,4-1,20,주민 활용성 증대를 위한 시설 기자재 환경 개선 건수,건,-,0.0,,6.0,,,,,0.0,,,,,,,,,,,,,,,
38,자율,4-3,23,교육 프로그램 참여자 만족도,점,-,0.0,,79.0,,,,,95.5,,,,,,,,,,,,,,,
39,자율,4-3,24,성인학습자 자격증 취득 개수,개,-,0.0,,15.0,,,,,26.0,,,,,,,,,,,,,,,
